X1,X2,X3,X4,X5,X6,X7,X8,X9,X10,X11,X12,X13,X14,X15,X16,X17,X18,X19,X20,X21,X22,X23,X24,X25,X26,X27,X28,X29,X30,X31,X32,X33,X34,X35,X36,X37,X38,X39,X40,X41,X42,X43,X44,X45,X46,X47,X48,X49,X50,X51,X52,X53,X54,X55,X56,X57,X58,X59,X60,X61,X62,X63,X64,X65,X66,X67,X68,X69,X70,X71,X72,X73,X74,X75,X76,X77,X78,X79,X80,X81,X82,X83,X84,X85,X86,X87,X88,X89,X90,X91,X92,X93,X94,X95,X96,X97,X98,X99,X100
7,8,10,13,14,21,28,37,38,41,49,56,57,61,70,71,74,82,91,96,104,113,115,121,125,132,140,148,153,157,164,165,169,177,180,188,189,198,206,214,222,223,224,230,237,240,247,252,254,256,260,261,267,270,277,285,286,292,293,299,302,310,312,319,323,327,335,341,350,352,356,365,374,376,379,388,393,394,399,400,401,406,414,423,427,430,438,439,444,452,460,463,470,475,478,487,493,497,504,505
16,15,13,21,22,28,36,41,47,48,56,62,63,62,70,73,75,82,90,96,97,99,104,105,109,113,120,125,132,137,142,147,156,164,172,178,179,180,181,188,197,201,210,219,225,230,238,240,249,257,259,265,274,274,283,291,287,296,299,308,308,313,321,328,331,331,332,337,338,339,345,346,352,353,362,370,371,378,385,389,397,400,401,406,413,415,416,425,427,428,429,431,434,442,444,446,452,458,464,469
18,22,15,23,25,26,30,37,40,48,49,50,58,66,67,75,79,80,87,92,101,105,109,113,114,115,124,133,140,146,150,148,152,153,158,159,164,168,176,180,181,187,194,201,202,209,212,219,227,235,236,237,244,251,252,253,260,262,269,276,277,281,286,291,295,300,309,317,318,325,330,337,342,350,357,366,367,375,377,383,391,392,397,401,404,406,408,413,419,426,427,434,443,448,449,453,461,463,469,473
21,27,24,31,27,29,36,45,44,45,52,59,66,75,69,70,78,83,90,94,103,112,115,114,116,118,120,123,129,133,134,141,150,158,159,166,173,171,172,174,179,180,189,197,198,204,205,206,210,216,222,231,237,239,247,254,263,265,270,273,281,286,291,298,299,300,309,318,327,330,337,346,345,348,357,361,368,377,379,388,395,398,398,399,405,406,413,418,419,427,430,439,447,450,451,452,453,455,456,464
29,36,27,28,29,38,45,50,49,53,60,68,71,72,71,72,81,82,91,99,103,112,120,115,122,119,120,121,130,139,135,144,145,147,149,158,167,173,181,178,184,181,190,195,196,197,199,206,208,210,211,213,221,229,237,241,242,249,253,254,262,263,272,278,282,291,297,306,313,319,325,326,335,337,345,348,351,354,363,367,374,378,379,384,391,400,403,408,410,419,425,434,440,449,450,457,460,464,458,459
33,41,34,34,32,41,50,51,58,59,64,70,71,77,72,78,86,90,98,100,101,102,110,111,119,123,121,122,125,134,136,141,146,148,156,162,167,176,177,183,191,182,183,189,197,203,208,207,215,212,220,217,218,221,230,236,239,248,257,263,270,264,270,278,283,291,293,295,298,301,309,310,318,326,335,339,348,357,360,368,376,378,381,388,396,397,403,407,416,423,426,427,434,441,445,446,455,457,466,461
34,36,43,36,40,42,48,57,58,61,70,72,76,78,81,80,89,98,101,103,110,106,112,113,120,128,122,124,128,135,137,146,152,154,156,165,173,174,175,179,183,187,191,198,199,207,211,209,213,215,224,225,227,229,237,237,246,252,253,260,261,269,278,279,288,296,294,297,298,302,303,312,321,330,337,340,343,350,355,356,363,364,371,372,373,377,386,395,400,409,410,419,428,437,439,448,453,460,462,463
36,42,43,38,46,43,52,59,67,62,68,76,81,87,88,84,92,93,95,99,101,110,114,117,118,119,120,121,127,136,143,151,152,160,158,164,165,167,175,176,180,182,184,186,193,202,210,212,216,218,225,234,232,235,238,238,239,244,246,255,258,263,268,276,279,280,282,287,290,293,300,302,310,319,323,325,327,336,341,346,354,360,361,365,373,374,381,382,385,390,398,407,412,414,420,425,434,443,447,454
42,48,46,46,54,45,47,50,51,55,60,69,73,76,77,82,84,87,93,101,109,115,122,118,126,121,128,123,130,135,144,145,146,155,164,171,167,171,180,185,189,183,188,195,202,210,213,215,218,225,229,231,240,240,239,240,248,245,252,257,265,272,269,277,282,281,282,283,292,293,295,304,305,314,322,323,324,327,336,345,347,351,353,362,369,370,379,383,387,394,395,396,405,413,421,422,431,440,449,451
45,47,47,48,57,47,48,51,56,56,59,68,77,80,80,89,91,95,95,97,106,107,111,115,116,117,121,122,123,132,136,138,139,142,149,158,162,170,176,177,179,185,193,194,201,202,209,210,219,221,223,229,234,241,242,249,250,254,256,263,271,272,277,282,283,290,290,292,299,295,303,311,306,313,322,330,326,335,337,345,352,360,362,364,366,368,377,383,388,397,402,397,398,399,401,407,414,423,431,436
54,53,56,52,61,52,53,56,59,57,66,68,73,77,79,80,82,83,89,95,97,98,104,110,117,118,125,123,126,134,141,146,140,142,148,155,158,160,165,171,178,184,186,194,200,209,210,211,220,221,222,228,237,245,244,249,253,259,263,264,266,273,281,289,284,286,287,293,294,295,296,304,312,320,326,331,330,335,344,348,350,358,361,362,363,367,374,383,392,393,396,405,400,402,403,408,410,418,419,421
62,62,65,55,63,61,62,62,63,66,75,73,81,79,80,88,90,92,92,96,105,100,109,113,120,119,128,131,131,140,146,152,142,144,147,148,149,153,154,158,163,172,176,177,179,188,197,206,207,213,214,217,218,227,236,242,251,255,256,258,259,267,275,276,285,291,290,299,301,298,302,303,309,316,323,331,331,340,349,352,353,360,363,368,364,368,369,376,378,383,384,385,386,390,398,407,415,423,428,427
64,71,68,57,58,61,68,67,72,70,79,81,87,82,81,84,92,93,93,98,104,103,111,120,121,127,130,131,136,137,143,147,144,153,155,150,151,153,159,162,163,171,178,178,179,186,193,202,206,213,214,222,225,228,230,238,241,243,246,248,250,252,259,264,273,275,278,283,291,295,304,311,318,319,323,327,336,339,347,353,354,356,363,368,370,375,377,384,386,388,385,388,387,396,398,399,404,408,412,417
73,80,70,60,67,65,67,75,76,72,73,79,88,84,85,91,94,94,94,103,110,104,107,109,118,127,136,132,137,138,145,147,150,157,156,155,155,159,167,167,171,180,185,181,182,185,194,195,198,205,210,216,217,220,222,231,234,237,245,253,259,255,262,268,277,279,284,290,298,296,305,307,314,317,326,328,329,336,344,351,356,361,363,369,370,378,378,387,393,390,394,394,391,393,395,403,411,409,412,414
82,81,74,62,63,70,70,75,84,73,81,88,91,85,94,100,95,98,103,111,112,113,111,111,114,117,118,122,125,133,134,137,140,141,146,154,157,160,162,170,176,185,189,184,183,186,195,199,199,201,207,213,214,221,222,223,224,227,236,238,242,244,245,254,256,257,258,264,272,273,282,283,289,292,293,296,305,313,319,327,328,330,331,334,335,338,339,340,345,348,351,352,356,358,359,368,369,375,384,387
87,89,78,70,64,73,72,78,86,78,79,87,95,90,99,108,104,102,106,114,113,119,112,115,120,119,122,124,131,140,137,138,140,147,147,150,158,167,166,175,176,178,179,181,186,192,193,194,202,202,203,212,216,217,221,222,230,233,241,239,245,248,249,250,255,264,259,261,270,273,274,279,280,289,298,305,306,307,316,325,332,331,334,343,341,340,348,346,347,349,350,352,359,364,360,363,364,366,370,371
90,93,87,75,69,71,78,87,95,79,82,83,90,91,94,102,103,111,107,108,114,122,120,120,123,122,123,129,134,143,138,140,149,155,153,156,158,163,164,169,173,179,181,184,192,200,196,195,203,208,212,217,220,222,230,225,226,230,232,237,246,250,252,251,255,257,264,262,271,280,282,281,287,288,289,291,299,300,304,308,315,320,322,331,332,341,350,354,355,358,354,357,360,363,366,369,365,372,371,380
96,101,88,80,70,76,83,85,91,80,87,92,98,100,95,98,106,113,116,113,116,120,121,128,132,127,129,133,135,139,147,143,152,161,156,165,160,166,171,171,172,176,181,188,195,204,205,196,200,208,209,215,219,227,236,234,230,239,235,239,240,249,251,253,257,260,269,263,269,275,276,278,286,295,295,298,299,302,303,305,313,316,324,329,336,338,340,349,352,358,358,365,363,365,374,372,374,374,374,376
105,108,89,85,72,78,81,86,92,88,94,97,100,109,100,104,106,109,111,119,124,125,123,126,133,128,129,137,138,146,154,149,154,155,158,161,163,166,173,175,176,179,184,192,195,196,202,202,204,206,213,218,219,224,227,234,231,236,243,240,247,250,253,262,266,269,276,264,271,280,285,287,289,297,296,300,301,309,310,309,312,313,316,325,331,337,339,341,343,350,352,358,359,365,367,374,375,375,377,379
106,114,90,87,81,82,90,93,93,97,99,103,108,109,102,111,108,109,115,123,126,128,131,127,132,136,138,140,142,151,159,157,163,160,161,162,170,174,182,183,177,182,183,184,186,193,196,197,205,213,221,225,228,225,233,240,238,240,242,246,253,257,256,257,258,263,264,265,267,269,275,276,283,289,291,297,299,305,312,312,321,314,323,324,330,337,339,340,348,357,356,357,365,372,374,377,380,383,384,388
112,113,99,91,90,85,91,93,102,99,108,112,112,110,105,106,112,110,119,127,134,132,135,129,133,141,140,148,149,156,158,158,159,164,164,164,165,167,176,182,186,185,186,185,186,187,189,193,201,202,206,212,219,223,226,227,230,238,247,251,252,253,256,259,263,265,269,267,272,278,284,278,279,282,290,298,299,302,304,310,317,318,320,329,335,344,346,348,349,358,357,362,371,376,376,377,382,386,386,387
120,122,106,98,92,88,89,91,100,104,108,114,115,119,110,110,114,118,126,133,137,135,144,130,137,144,142,145,153,157,160,159,168,173,166,170,174,168,174,175,184,186,194,188,187,196,198,202,203,209,215,221,220,221,224,226,229,232,233,242,248,255,256,265,269,267,274,276,281,282,283,286,284,284,287,288,297,298,301,307,310,316,320,328,329,330,332,340,343,347,354,355,364,365,373,381,389,395,395,390
127,123,115,99,95,96,96,92,95,101,108,109,115,116,115,113,121,119,120,121,124,129,138,132,133,136,145,146,150,159,164,168,169,178,167,169,171,170,171,172,177,185,188,189,188,189,190,193,194,196,200,202,207,208,210,211,219,225,226,233,240,243,248,257,265,270,277,282,285,284,287,287,285,286,294,289,294,303,309,308,315,321,321,328,331,334,339,346,344,349,357,356,360,368,372,378,379,386,390,392
135,130,119,107,104,105,100,93,101,104,113,118,119,124,124,114,115,121,121,129,128,137,138,134,138,140,149,150,151,159,160,166,171,172,168,170,172,177,172,181,178,185,187,193,189,190,191,192,194,202,202,211,210,213,211,220,222,228,231,234,243,252,249,250,259,267,268,271,278,282,290,295,286,295,299,291,292,300,304,312,317,326,330,332,340,341,346,352,353,357,358,365,366,373,373,376,381,389,397,401
139,138,120,115,113,114,105,94,103,112,119,127,128,131,133,123,118,119,126,133,137,143,145,143,145,141,149,150,153,161,165,172,178,178,175,175,174,182,180,188,180,183,185,191,192,198,194,201,196,197,201,202,210,219,218,224,223,225,234,235,241,249,256,251,259,268,276,275,280,288,294,301,289,298,299,300,295,304,313,317,323,328,332,337,343,344,353,353,359,358,364,367,371,380,379,377,386,393,395,397
141,141,122,119,114,118,114,96,98,99,104,106,115,120,122,129,127,124,126,128,137,142,143,145,146,147,148,153,156,159,161,166,168,177,178,184,180,189,185,190,185,184,187,196,194,200,197,198,199,199,205,210,216,224,220,226,230,232,235,244,242,251,254,257,259,265,272,278,284,287,291,297,296,302,302,307,296,297,306,315,316,317,323,329,335,344,350,358,366,361,370,374,375,376,385,379,386,388,396,404
150,144,130,126,115,124,115,104,99,108,106,115,116,123,130,133,128,133,134,131,132,139,142,151,148,151,149,154,162,160,169,167,176,177,184,186,184,185,187,196,193,187,192,200,201,201,201,207,204,202,203,204,210,219,228,230,233,233,235,244,251,256,255,259,261,270,279,287,285,287,296,300,298,306,309,314,300,302,311,315,317,319,320,325,328,335,344,350,355,364,372,373,378,380,381,388,391,397,399,405
153,145,138,133,116,121,117,106,108,113,107,112,119,123,131,139,130,133,142,137,134,143,144,146,150,151,155,161,163,169,178,169,176,184,191,195,186,194,194,203,196,194,196,197,205,209,202,208,207,207,212,212,212,219,220,229,230,239,238,240,245,251,258,267,267,273,282,291,289,290,299,303,302,308,311,312,306,306,307,308,309,313,316,317,326,332,333,336,342,345,347,356,357,360,369,373,374,382,388,395
157,146,146,140,121,126,120,113,113,121,108,117,126,131,140,142,139,134,141,138,140,146,146,155,152,152,159,166,169,171,172,170,171,177,180,186,189,197,201,203,202,198,198,199,208,215,209,209,210,216,219,219,217,218,227,232,237,246,247,241,249,258,259,265,274,274,275,276,279,281,285,294,302,308,310,318,307,315,309,314,316,314,317,318,324,330,339,339,340,343,351,360,359,362,364,365,372,379,382,390
164,154,155,146,130,134,123,120,114,120,110,111,119,122,131,138,140,143,150,147,141,143,144,146,152,159,168,167,175,180,179,179,173,179,187,191,191,193,200,202,203,207,201,200,207,213,215,214,211,212,221,222,225,219,224,232,237,240,247,245,254,262,260,263,269,276,281,277,284,283,284,293,295,304,313,314,316,318,312,321,325,315,317,321,322,327,330,331,340,341,346,349,354,362,367,374,374,383,386,389
166,157,159,154,132,136,130,129,115,124,111,115,120,128,132,139,144,144,148,156,150,152,153,147,152,154,162,170,178,179,181,188,180,180,183,189,195,201,209,206,210,210,207,203,209,216,218,216,213,216,217,223,224,221,228,229,231,234,242,245,254,256,257,258,266,267,276,284,285,292,292,301,298,307,310,318,318,321,320,321,325,319,322,330,327,331,336,337,345,343,347,355,355,358,363,371,372,378,386,394
172,166,160,155,137,143,139,130,122,126,119,123,125,131,137,143,144,153,154,155,151,157,157,156,158,162,165,170,173,176,180,185,181,183,192,191,195,196,198,207,208,213,215,208,212,221,222,223,215,219,226,224,227,226,231,238,232,233,240,242,249,254,261,259,263,264,273,274,283,286,295,304,307,313,319,319,326,325,329,326,334,324,326,327,335,332,336,338,344,348,351,360,363,365,364,370,372,377,386,392
180,168,163,158,140,141,140,132,127,134,121,130,126,129,130,132,133,135,138,147,149,151,156,165,162,164,165,171,174,180,182,185,187,184,185,193,197,200,199,206,207,208,209,214,219,220,221,224,219,228,229,227,236,235,234,241,233,242,249,250,257,260,268,260,261,262,263,272,281,284,293,302,306,314,315,316,323,331,333,330,332,328,327,331,336,341,337,339,346,347,350,357,359,367,369,373,378,378,382,390
181,169,169,160,141,144,149,140,131,132,124,132,135,138,139,139,140,136,137,144,152,154,157,160,165,171,169,178,175,180,181,184,186,188,188,192,201,208,201,210,208,216,218,218,223,225,223,225,222,224,228,236,241,240,242,242,238,241,245,248,253,254,259,260,261,267,270,273,274,276,277,286,294,295,301,302,306,308,317,326,335,330,329,337,342,350,344,340,342,350,353,356,361,366,368,369,376,383,388,390
190,173,178,169,147,147,148,149,140,133,129,133,135,142,141,148,142,137,143,150,159,161,158,163,166,175,178,179,179,187,190,185,186,187,194,201,208,214,209,215,217,220,223,219,224,229,228,232,227,228,237,240,248,242,244,251,245,242,250,250,251,255,263,265,262,271,279,281,277,280,285,294,301,297,306,304,312,316,325,327,332,335,331,340,346,354,353,349,345,347,352,360,363,365,371,374,383,386,393,392
199,182,179,178,154,149,150,152,146,139,133,142,139,146,143,144,143,139,140,149,150,156,164,164,166,175,184,180,182,186,193,192,187,189,192,193,194,195,197,200,203,208,212,220,221,223,226,227,231,232,235,236,239,243,244,252,248,247,252,258,255,260,263,268,271,272,273,282,278,279,280,288,291,295,302,307,316,318,327,328,333,338,335,340,341,342,343,350,346,349,352,353,354,357,362,363,371,374,379,383
202,184,188,187,157,151,151,158,154,141,141,145,145,149,148,149,150,146,146,147,154,162,164,173,175,177,181,182,191,187,191,193,195,191,199,195,200,196,198,206,210,209,212,219,226,228,232,235,232,234,243,242,245,247,246,251,254,256,259,267,256,259,262,264,272,275,279,287,286,283,285,286,294,297,300,303,304,313,320,321,328,329,337,339,341,350,345,347,349,354,359,358,359,359,365,366,374,376,381,388
206,190,189,191,166,152,152,155,163,147,148,146,146,155,156,153,156,152,155,156,155,156,157,166,175,177,185,183,184,188,193,196,201,200,201,197,206,204,207,215,214,211,212,213,217,226,228,229,231,234,237,246,253,248,255,260,259,265,268,269,264,267,265,265,272,280,287,290,294,287,292,295,295,304,301,309,308,311,313,316,317,323,324,333,334,336,341,342,347,356,357,363,368,360,362,363,367,370,375,378
210,193,195,200,168,160,161,156,159,151,153,155,153,162,161,158,161,160,164,165,164,165,161,170,175,178,182,190,189,197,195,200,203,209,208,199,206,206,213,222,218,218,217,214,223,232,232,230,232,241,246,253,254,249,257,258,259,266,267,272,266,274,273,273,273,278,281,288,296,294,301,298,297,305,302,303,312,319,314,321,318,320,323,327,335,342,349,351,356,358,358,363,372,367,364,365,368,376,383,382
211,202,197,198,170,167,169,165,167,158,162,164,155,156,162,166,163,168,173,166,173,174,162,167,176,178,180,188,193,194,195,201,209,210,214,207,208,214,218,219,227,226,224,215,218,226,235,235,241,249,248,251,252,255,260,259,263,272,275,278,269,273,275,277,281,285,282,291,296,298,304,305,298,307,311,310,312,313,322,322,324,322,323,331,332,338,341,350,357,365,366,364,367,371,370,372,369,371,374,383
219,207,200,207,173,173,176,172,169,161,167,168,159,157,163,166,164,165,168,175,178,182,171,176,184,186,181,183,186,187,196,197,205,206,212,212,209,217,219,228,230,227,233,220,220,222,231,232,241,243,250,251,258,257,264,262,269,271,277,282,274,280,278,279,288,294,283,285,294,302,305,309,299,302,307,310,316,317,319,326,333,331,329,330,334,342,349,356,365,373,373,365,366,372,371,372,378,380,383,384
228,215,201,210,175,176,183,180,171,164,173,169,161,160,161,162,165,166,174,179,179,181,173,180,181,182,182,188,194,196,202,198,199,201,206,212,217,223,228,231,234,234,236,221,222,231,237,233,239,242,243,245,252,258,260,261,270,274,276,283,275,283,286,282,285,293,285,286,295,303,307,312,300,304,306,307,309,314,323,328,337,332,335,335,343,343,346,347,348,352,361,368,369,378,376,378,385,384,386,385
231,224,202,205,181,178,187,182,173,170,172,174,166,169,169,166,167,170,178,187,181,184,179,186,188,183,189,190,193,199,208,200,201,208,211,213,222,224,230,238,237,241,244,227,230,239,238,235,244,245,244,245,250,259,260,264,273,276,279,288,277,286,294,291,289,298,294,289,298,306,311,315,301,302,307,313,318,323,331,329,334,333,342,338,342,347,349,355,352,354,355,360,364,368,377,385,393,385,394,393
240,232,209,209,182,179,187,184,180,173,181,177,168,170,172,169,169,174,180,187,189,188,188,194,197,184,186,188,196,199,200,208,204,205,209,212,220,224,228,232,238,247,253,236,239,248,247,241,250,246,246,250,255,264,267,267,275,281,286,289,281,284,287,296,291,298,302,291,300,302,306,307,302,310,311,313,315,324,326,335,337,338,347,344,348,356,351,355,358,355,356,365,371,371,372,373,380,385,388,394
243,234,218,216,191,183,185,192,181,182,182,180,177,171,178,176,177,175,179,186,193,189,194,202,200,190,189,193,197,206,209,214,212,211,213,219,227,233,231,239,239,241,244,241,242,247,249,250,254,249,254,252,253,262,267,276,280,283,289,297,290,288,289,294,300,299,307,292,294,296,303,307,305,309,314,315,316,318,325,326,327,336,337,345,353,356,360,357,359,356,359,361,362,366,367,373,375,382,383,392
249,238,220,224,194,189,194,199,184,183,187,181,178,176,185,183,178,178,179,185,194,196,196,200,201,199,191,192,200,201,205,209,211,218,219,220,223,230,231,233,238,239,248,249,246,255,255,251,258,258,263,259,261,263,265,267,271,272,281,282,291,296,292,299,302,302,306,296,301,297,306,307,313,310,316,324,325,326,330,330,336,343,341,345,352,360,364,362,361,357,362,362,363,364,369,376,376,377,378,379
253,245,221,228,202,197,196,197,190,189,190,189,187,179,180,181,183,187,188,186,188,189,198,206,206,208,192,193,201,202,207,208,210,217,223,227,224,228,236,234,236,242,244,245,250,252,253,259,259,267,269,260,267,272,266,269,271,273,282,290,291,293,296,297,304,303,306,297,299,305,308,315,314,312,320,323,332,329,331,338,343,352,349,346,351,354,363,368,368,361,369,369,364,369,372,374,380,378,379,385
262,249,225,231,208,202,203,198,194,194,193,196,195,184,183,189,186,189,190,192,192,198,207,209,209,215,194,199,208,204,208,211,213,222,227,235,229,237,244,236,243,243,245,252,255,254,257,258,264,273,277,269,273,275,273,277,274,274,282,290,299,301,300,298,307,312,315,298,305,306,315,317,318,317,326,324,329,332,340,347,347,356,358,347,352,354,362,363,369,370,374,372,368,376,378,375,381,379,380,389
263,254,229,231,217,203,207,206,201,198,195,204,203,192,184,186,191,192,196,194,193,199,208,217,217,216,203,205,213,212,211,218,221,225,234,235,232,238,240,237,239,245,248,252,256,257,262,259,266,269,276,270,278,276,279,280,275,275,276,278,286,292,293,302,304,308,314,299,300,307,316,318,320,319,328,333,334,338,340,349,350,358,366,348,357,360,361,365,367,370,379,377,376,383,387,376,385,385,389,392
264,258,233,236,221,209,216,213,210,206,196,197,205,199,185,194,192,201,197,200,194,198,203,204,212,215,207,208,211,213,214,215,217,219,224,226,227,231,235,237,239,248,250,251,258,261,270,260,267,276,282,277,281,280,284,282,280,278,280,283,289,294,299,302,311,315,321,305,306,308,317,325,329,323,330,339,336,341,347,354,355,356,364,357,361,365,369,366,371,379,382,384,377,386,393,379,388,394,398,393
271,265,240,238,222,213,215,217,211,213,203,201,202,208,188,193,196,198,200,201,201,202,206,212,217,223,208,215,212,214,217,223,225,228,225,228,236,234,243,246,241,250,251,253,260,263,267,262,270,276,285,279,286,283,287,286,283,279,288,291,293,294,296,300,301,302,309,306,315,309,318,327,331,324,326,329,333,342,350,351,352,357,364,359,366,370,378,374,372,378,379,382,386,388,394,386,393,399,407,402
277,274,248,246,231,217,220,226,213,216,210,202,206,209,189,190,192,193,202,202,202,206,215,214,215,218,217,222,220,220,225,227,234,236,233,236,241,235,236,239,241,246,253,258,263,265,266,268,276,285,287,287,294,287,293,295,284,288,296,300,299,295,303,309,302,311,310,312,321,313,315,321,322,326,329,336,338,339,341,345,354,363,370,368,367,369,371,373,374,381,387,391,387,393,394,392,401,401,409,410
284,282,253,247,233,218,219,223,216,219,216,206,209,215,195,193,197,202,203,207,207,210,217,218,218,219,222,224,221,221,224,230,239,242,236,238,240,244,243,240,247,253,262,259,268,270,272,271,272,279,285,287,292,296,295,298,285,286,295,296,301,302,309,310,310,315,319,314,317,316,317,323,328,330,335,341,346,343,350,351,360,366,371,372,375,378,372,376,383,388,388,389,396,396,398,401,410,404,410,414
288,291,254,256,236,227,225,229,222,220,219,214,217,224,197,194,203,204,204,213,216,214,215,217,219,228,226,232,230,226,225,230,239,247,242,239,248,249,245,246,254,257,265,267,275,277,278,276,281,286,294,288,297,297,297,300,294,287,289,291,294,297,306,314,318,317,324,319,323,322,326,324,330,338,338,346,350,346,348,350,354,363,368,377,383,385,376,385,390,395,392,398,397,402,402,410,416,411,411,412
289,290,263,262,241,236,234,235,227,225,227,223,222,225,206,197,201,202,208,210,218,223,218,225,228,237,233,239,236,229,232,232,235,241,247,243,244,247,246,254,256,263,272,273,274,280,282,277,283,292,301,292,301,306,298,302,297,296,291,293,299,302,310,319,319,318,319,326,328,329,329,329,334,340,340,349,357,350,357,359,357,360,361,367,376,384,381,385,386,387,395,397,401,410,411,419,423,420,412,421
294,291,264,266,243,237,235,239,236,234,236,232,230,233,210,201,209,206,209,210,217,221,227,226,235,243,241,243,240,231,234,236,241,248,249,244,253,248,252,254,256,263,270,276,282,287,291,279,288,289,295,293,298,303,306,309,304,301,292,295,304,307,308,309,318,320,328,332,331,330,338,335,336,342,345,353,355,356,363,365,364,368,363,365,366,368,375,377,380,382,390,399,400,404,413,418,421,427,415,417
302,293,265,271,244,244,236,241,237,236,240,234,236,237,218,206,213,214,210,213,218,219,228,232,241,243,244,244,249,236,236,237,246,254,253,247,250,251,259,255,258,260,269,278,286,289,291,287,295,292,293,300,302,303,306,309,306,307,297,296,298,299,302,310,315,322,326,330,336,334,335,336,340,344,349,352,361,359,366,367,366,369,368,369,367,374,380,382,383,388,395,404,407,405,413,418,424,431,423,425
304,295,266,269,245,251,243,243,245,244,247,243,238,238,227,209,212,220,218,218,219,228,234,233,241,243,251,245,253,242,244,246,247,248,249,255,252,253,261,256,260,262,270,279,282,288,297,288,289,292,294,299,308,304,306,309,315,314,306,302,305,300,309,311,313,321,328,335,336,335,343,339,342,343,344,345,352,361,368,372,367,375,369,373,370,372,373,381,387,394,397,405,407,406,407,416,418,426,432,434
306,302,274,273,246,251,246,244,253,246,250,244,244,239,235,218,221,221,219,220,220,226,232,233,235,237,246,246,253,251,245,254,255,251,251,252,261,259,261,258,259,265,271,274,282,291,297,290,290,299,303,305,306,305,312,311,312,321,313,310,306,306,309,318,322,322,331,337,337,337,343,345,349,344,353,354,361,370,377,373,369,378,377,375,371,376,375,383,387,388,389,398,404,408,413,416,425,426,435,443
310,303,282,280,254,260,254,246,247,255,255,247,251,245,243,221,224,227,224,229,228,234,240,237,244,238,240,249,256,260,248,251,260,253,256,257,264,261,269,261,264,271,273,280,288,294,302,298,299,303,307,306,308,312,316,317,313,315,314,319,313,308,316,322,323,329,337,338,338,339,346,348,353,353,362,359,365,374,376,378,372,377,381,380,377,377,380,387,392,396,396,404,405,407,409,410,418,425,426,427
313,305,290,289,263,266,255,255,255,261,258,255,258,246,246,228,228,232,225,230,235,240,241,245,245,240,246,253,255,264,250,258,267,254,263,259,267,267,276,270,265,274,274,278,286,294,296,300,300,309,316,313,313,319,325,325,322,321,315,319,314,309,315,316,318,319,326,334,335,339,340,349,357,357,360,360,361,367,368,375,379,381,385,383,385,384,382,386,390,394,400,405,406,409,417,411,418,421,425,432
314,310,297,298,264,268,264,260,264,262,262,261,259,255,249,233,236,233,234,231,232,238,240,244,251,245,251,256,256,258,251,257,259,256,264,268,268,271,272,273,266,269,272,277,280,288,289,296,305,309,315,314,315,321,325,332,329,329,316,325,322,310,314,323,319,328,335,341,344,342,341,342,349,350,356,359,368,370,370,372,373,382,384,386,392,388,383,392,395,396,397,400,403,405,409,416,421,428,427,430
322,315,298,299,272,275,265,263,264,263,269,262,262,261,256,242,245,234,238,233,238,247,248,252,253,251,255,259,260,265,254,261,264,257,266,274,272,274,278,282,275,278,278,278,287,288,295,297,306,307,316,322,319,328,328,330,337,334,323,324,326,312,316,321,326,332,334,342,349,351,350,346,348,356,364,362,369,370,377,377,382,386,386,393,395,394,389,397,404,399,404,409,411,409,415,416,418,426,431,439
323,317,307,308,277,276,274,265,272,264,267,264,265,264,264,251,254,235,243,242,247,250,250,254,255,253,262,266,263,266,256,257,261,260,268,277,275,281,282,291,277,282,280,282,283,287,294,303,312,311,320,321,320,327,334,336,339,340,324,329,328,313,314,323,327,328,332,336,341,348,354,349,355,356,357,359,368,377,382,378,387,390,388,393,398,402,391,393,402,404,407,411,415,410,413,415,418,425,431,438
328,326,312,314,279,285,281,270,273,265,266,267,273,265,266,260,261,244,252,246,249,251,257,255,262,258,260,261,270,268,258,265,263,267,269,270,272,277,283,290,278,281,281,283,285,287,294,297,299,307,312,314,320,321,322,324,333,334,329,330,329,315,317,326,335,337,334,343,350,355,363,352,356,359,366,361,369,370,379,383,391,393,393,395,397,406,399,394,400,409,416,412,418,412,421,416,420,424,425,432
337,335,316,315,286,286,284,279,279,273,267,270,272,270,268,261,262,245,249,248,256,253,260,257,265,259,260,269,278,269,259,260,267,268,271,277,273,280,286,293,280,285,283,284,285,292,297,304,301,305,312,319,320,329,328,325,329,330,332,331,337,318,324,325,333,342,335,338,339,348,349,353,357,358,365,362,363,364,368,377,381,385,393,396,404,412,407,398,406,415,424,421,427,413,414,416,425,430,431,433
340,337,324,324,289,289,288,280,286,281,270,272,274,279,269,263,271,254,258,250,251,259,265,264,266,260,267,274,283,275,260,263,264,267,276,281,274,275,283,284,283,291,292,286,293,295,302,310,309,306,307,312,314,320,323,332,330,334,341,340,338,324,331,326,329,337,340,347,348,349,352,355,363,359,365,370,364,373,375,383,390,386,393,396,401,405,406,399,403,405,411,417,419,414,422,425,431,434,434,440
343,342,325,331,292,298,297,281,290,289,279,273,274,282,278,264,265,255,261,254,252,261,262,268,267,266,271,280,288,284,263,265,265,274,283,290,281,278,284,285,285,290,291,287,288,289,293,299,301,305,306,311,312,316,323,325,329,334,340,343,344,330,339,334,338,338,339,340,341,350,351,355,359,360,362,364,373,377,383,392,394,387,393,394,395,404,413,408,408,408,415,424,420,418,419,421,428,437,436,437
350,345,334,332,298,300,298,290,299,296,285,281,278,287,284,267,268,257,261,258,253,260,267,276,268,268,274,275,278,287,267,273,267,268,269,270,277,278,285,294,286,287,288,292,297,298,301,306,308,313,310,315,319,325,324,330,338,335,341,350,345,339,348,343,345,343,347,344,350,351,358,356,363,361,370,366,374,383,384,387,394,394,396,403,397,403,409,410,412,410,416,425,422,420,422,429,429,435,439,446
359,350,337,341,304,304,299,293,301,303,288,290,279,280,285,275,272,263,266,261,254,258,260,268,276,277,283,284,279,286,268,273,269,269,274,271,277,286,294,300,287,288,297,293,294,296,303,306,315,320,312,321,323,325,329,336,345,344,348,356,347,343,345,347,349,348,355,350,351,353,357,365,365,368,377,375,382,388,390,390,391,394,397,406,402,404,410,418,415,412,421,429,423,423,423,427,429,438,447,454
366,351,342,350,311,310,300,294,299,300,289,297,286,284,292,283,274,264,267,263,261,260,262,271,278,286,291,285,281,286,274,282,277,274,277,272,281,289,298,300,294,297,299,295,296,298,299,303,306,308,316,320,323,324,333,334,336,344,350,351,350,345,353,349,358,351,352,359,359,360,364,368,368,371,374,379,385,389,390,399,400,396,398,400,408,406,410,418,418,421,422,425,424,426,428,428,437,442,445,446
369,352,345,353,317,311,302,303,304,306,295,302,288,293,293,284,282,272,270,264,262,269,263,272,279,288,291,291,282,287,275,282,285,277,283,278,283,284,292,298,298,306,304,301,301,301,308,304,308,315,316,319,323,332,338,335,343,351,359,356,352,348,356,358,365,353,354,356,363,362,366,368,369,374,377,382,383,386,394,395,397,401,406,403,411,409,417,419,423,423,423,432,430,429,433,437,438,443,449,448
371,359,347,349,320,320,303,309,313,315,297,304,289,291,293,286,284,280,271,265,269,278,264,265,271,277,286,287,288,289,284,285,292,279,285,279,285,293,299,302,301,302,303,303,304,302,305,312,309,318,318,322,324,325,326,332,340,346,352,353,353,354,360,364,373,354,363,363,366,363,365,367,368,375,377,384,386,395,403,397,398,401,405,404,409,416,417,421,429,432,424,428,429,434,439,438,442,451,458,449
378,360,356,357,329,321,312,311,317,318,305,313,298,300,294,294,292,289,272,269,277,282,269,274,279,279,282,289,291,298,293,294,298,282,285,280,288,289,291,300,305,304,305,305,313,311,309,318,315,320,327,331,327,332,327,328,336,339,346,355,362,357,358,359,360,355,363,364,373,372,371,376,376,377,378,387,394,395,398,403,401,410,414,407,409,410,419,421,425,427,426,431,438,436,439,445,451,456,458,450
385,363,362,365,335,323,314,312,318,322,310,311,305,302,301,302,298,292,274,271,273,275,278,282,280,288,284,292,300,300,302,300,307,284,293,282,288,297,300,304,307,305,312,314,316,316,314,318,324,323,327,328,336,333,332,329,331,332,334,338,340,344,349,358,363,358,365,365,371,375,379,380,377,384,386,395,399,398,399,406,410,415,415,410,414,415,417,420,421,430,433,437,442,437,446,452,460,458,467,451
386,372,364,370,336,327,322,320,327,324,315,312,313,305,302,306,307,298,279,273,279,284,280,281,283,286,285,292,299,308,304,307,315,285,293,289,295,304,309,307,311,314,313,316,324,317,321,326,332,327,328,334,341,339,337,338,338,337,341,339,345,351,354,359,360,366,370,367,374,383,384,384,386,390,395,404,406,399,401,403,411,412,414,418,415,422,425,424,426,434,434,442,448,438,445,450,451,452,458,460
395,374,368,377,345,335,327,323,332,325,322,318,322,311,303,308,316,304,283,282,283,288,287,289,287,289,286,287,288,290,299,308,309,286,292,298,302,303,312,315,313,319,320,325,329,321,330,335,335,333,336,343,350,344,344,345,340,346,348,340,349,350,353,356,358,365,371,373,375,376,379,384,387,392,400,403,404,408,406,412,413,413,418,425,424,423,427,425,434,436,439,442,443,443,452,452,456,453,459,465
401,382,370,372,346,336,330,325,326,331,328,326,331,314,312,310,311,313,284,283,286,289,292,294,290,290,293,290,290,297,303,308,316,294,300,302,311,307,315,324,322,328,326,331,336,330,334,342,343,337,337,341,350,350,345,353,342,351,353,349,353,351,360,357,366,374,374,381,376,382,380,389,389,398,400,403,410,409,408,415,414,421,427,428,433,428,429,432,433,441,445,448,445,452,453,453,459,462,463,464
406,391,372,381,347,344,339,334,331,340,334,334,335,321,319,317,317,315,286,291,293,290,293,299,297,291,299,298,292,297,301,304,313,303,307,308,314,314,321,328,325,334,331,338,345,334,342,345,347,341,341,349,354,357,347,351,344,345,347,351,354,360,368,361,367,370,376,383,382,390,384,386,395,403,409,404,407,409,414,416,421,424,433,437,442,437,434,435,439,442,447,451,454,461,460,461,460,468,465,467
409,400,378,386,353,348,340,343,332,333,337,337,342,324,320,326,321,318,294,296,302,296,302,308,298,300,300,299,297,299,305,313,314,305,314,317,316,323,322,328,334,339,333,335,342,342,350,352,352,345,343,351,352,361,356,352,351,354,356,355,356,357,358,362,364,370,371,376,385,393,392,395,398,400,406,406,413,410,417,425,424,432,434,443,451,439,436,436,437,443,450,452,459,462,467,470,469,477,472,476
412,405,386,387,360,351,348,345,336,342,339,343,350,326,329,335,330,327,302,303,304,305,303,311,306,307,301,300,299,306,306,307,310,306,307,315,318,322,328,331,340,346,341,336,344,351,355,356,356,354,351,355,355,364,363,357,352,353,362,358,360,361,367,367,372,375,379,385,388,392,396,397,398,406,407,408,410,411,420,429,432,435,435,443,446,441,438,442,444,445,452,453,460,467,468,471,476,477,473,477
413,411,389,388,364,356,356,349,338,340,348,344,345,327,329,338,339,328,304,311,307,310,312,320,315,310,310,309,302,311,310,316,311,309,312,321,327,325,326,328,330,334,343,337,343,348,357,357,365,358,360,362,363,368,370,365,354,355,356,357,359,368,376,374,373,376,384,389,397,401,399,406,399,407,416,417,414,413,420,421,422,426,431,435,438,447,441,444,449,453,460,461,468,469,475,475,484,480,480,482
420,418,394,389,373,361,365,357,346,347,349,347,348,335,332,340,342,335,307,316,316,314,314,320,317,313,314,312,308,315,317,325,318,311,315,324,333,333,331,332,335,340,348,345,349,351,353,356,360,367,361,367,371,369,373,371,360,357,363,358,362,366,367,374,377,385,388,392,398,406,403,404,406,408,411,418,416,414,418,426,431,431,440,437,441,448,442,443,444,447,456,465,466,469,478,478,487,489,483,483
424,423,403,390,376,365,374,358,347,348,355,356,349,342,334,335,336,340,314,323,325,315,317,318,326,316,317,313,316,324,325,328,324,316,317,319,322,331,340,341,339,348,357,346,347,356,356,360,369,376,364,373,372,370,371,373,361,366,367,359,368,372,369,373,381,388,390,397,398,407,404,410,415,412,414,415,424,422,423,431,432,432,440,444,446,447,450,444,448,453,461,464,473,474,476,485,488,496,489,484
433,430,412,392,378,374,375,365,350,350,351,353,358,345,336,340,337,346,316,317,326,318,323,324,327,322,325,322,319,322,323,332,333,321,319,323,331,336,343,342,341,342,344,353,355,364,362,366,368,373,373,374,381,374,378,375,369,370,368,360,369,377,377,375,383,387,388,389,390,391,397,400,406,413,415,421,429,423,432,434,438,434,436,437,442,445,446,445,453,454,463,465,466,467,474,483,488,496,498,491
434,434,420,400,381,383,384,372,357,351,355,358,360,347,345,348,341,342,317,326,331,321,327,326,335,331,331,329,323,328,324,331,333,324,320,323,331,340,347,349,347,346,353,362,364,368,370,374,371,377,378,379,382,382,380,376,377,375,370,366,372,373,379,383,385,393,390,391,399,398,402,409,411,419,424,423,432,425,434,437,444,438,440,438,440,442,451,452,461,460,462,468,473,474,479,480,481,482,488,496
441,443,422,404,389,389,385,373,358,352,356,358,359,348,346,355,348,350,326,335,332,322,323,332,334,337,333,332,327,328,330,338,340,328,329,331,332,334,343,346,347,347,355,357,361,362,364,367,375,382,380,381,385,391,382,378,382,379,376,368,374,378,382,389,390,399,393,400,404,399,406,412,419,426,433,424,431,432,438,439,448,445,442,439,441,443,446,455,457,461,469,470,471,480,485,481,489,483,484,488
449,450,425,409,390,391,394,377,361,358,357,358,367,349,355,363,352,359,331,340,333,328,327,328,332,336,335,337,336,337,335,340,341,331,333,332,337,343,349,347,351,355,364,358,359,363,366,367,376,385,384,389,389,391,391,382,391,380,383,372,380,387,385,390,391,392,401,408,409,406,407,410,419,424,425,431,432,434,435,442,445,453,451,447,448,452,449,457,466,467,473,478,480,481,482,483,488,490,492,491
458,456,431,418,396,395,402,380,362,367,358,366,368,358,357,358,354,360,335,336,334,333,333,337,334,336,338,339,343,342,336,339,340,339,334,334,335,336,337,343,346,353,356,360,367,364,372,376,380,382,388,394,393,400,392,390,392,383,392,373,378,387,391,393,392,395,404,408,415,407,411,419,420,428,430,439,433,437,444,445,454,460,453,448,454,459,456,461,464,470,472,481,483,490,486,484,488,497,498,500
467,465,436,424,397,399,403,389,370,373,364,365,373,367,365,361,356,365,344,344,336,335,342,345,342,345,340,341,350,343,344,348,349,348,343,336,337,338,338,339,347,348,357,364,369,367,373,375,379,380,382,389,390,393,393,397,401,392,393,374,377,378,381,390,395,397,401,404,408,410,419,422,426,430,434,437,434,436,444,449,458,464,461,450,451,458,464,470,470,474,480,482,488,497,495,490,491,499,507,506
474,474,445,425,398,401,410,392,377,374,366,366,375,368,369,364,365,374,353,350,340,342,351,352,350,352,341,342,346,350,347,348,356,356,348,341,344,347,341,348,355,354,360,368,372,376,374,375,384,383,391,390,391,392,399,398,407,393,401,380,386,387,383,384,393,395,403,411,409,411,419,426,427,433,437,446,442,444,446,455,462,467,468,455,454,458,464,473,479,477,481,487,496,497,498,499,500,500,504,513
479,479,446,427,399,402,410,397,382,377,368,367,372,369,375,365,370,379,355,356,342,344,348,351,351,359,346,350,350,358,348,351,360,359,351,348,347,350,347,348,354,361,364,369,378,385,383,380,385,386,391,398,395,400,402,405,414,395,400,381,383,384,392,389,392,394,397,401,402,403,412,415,416,417,426,435,441,447,448,450,458,459,467,464,455,463,468,474,478,485,488,492,501,498,499,500,502,508,513,516
488,483,447,434,401,410,415,403,387,386,377,371,380,374,375,366,371,372,364,358,349,353,354,356,359,363,351,359,351,352,349,358,367,364,360,354,348,356,353,355,355,358,362,365,372,375,384,389,394,389,394,400,403,408,405,409,417,398,402,390,392,390,392,391,393,401,398,400,401,406,415,424,422,424,425,426,427,428,429,436,440,447,451,455,460,469,476,479,486,493,489,496,500,503,505,504,510,517,522,523
493,491,453,443,410,411,419,412,388,393,386,376,377,383,383,367,375,376,368,365,355,358,359,365,360,365,360,360,352,361,350,354,355,357,364,360,353,356,356,356,356,360,367,367,372,380,387,392,393,393,395,396,400,407,410,418,423,402,409,391,400,397,397,398,395,404,407,408,410,407,415,416,423,427,426,434,428,429,436,443,447,452,460,456,464,470,479,482,483,491,497,497,499,502,511,513,513,517,518,525
494,497,455,447,412,416,423,416,390,395,388,381,384,390,385,373,380,380,376,374,360,365,365,366,368,373,369,368,358,367,354,361,364,363,372,366,361,365,365,363,359,365,372,368,375,381,390,399,402,402,403,397,405,414,411,415,418,409,414,400,402,403,398,401,398,399,405,406,410,409,414,423,426,435,428,435,436,438,440,448,448,456,462,465,473,476,478,483,486,490,491,493,494,495,496,497,505,510,512,513
496,502,464,448,414,420,426,421,399,404,389,385,393,391,387,382,382,387,385,382,368,373,368,375,374,380,378,375,360,366,356,357,361,370,373,367,362,371,373,372,364,373,380,374,380,388,396,404,410,406,408,400,407,410,412,418,426,411,417,401,403,408,399,400,399,400,406,412,416,418,423,432,433,436,437,438,439,442,443,450,449,450,459,465,471,472,473,477,479,486,494,501,495,497,500,503,509,518,513,514
499,507,471,449,423,421,430,430,400,404,392,394,397,399,388,388,389,395,386,387,376,375,373,381,378,379,386,383,367,371,357,359,361,362,367,372,371,372,378,381,368,370,379,376,384,385,390,397,404,409,413,409,413,412,414,417,425,413,418,407,408,417,408,402,403,405,413,413,414,421,429,438,436,438,443,447,446,451,451,459,451,451,454,461,465,470,471,476,482,489,490,493,500,501,507,504,505,507,513,522
501,510,474,456,429,430,436,439,401,405,401,401,404,403,397,390,394,402,395,393,377,376,376,381,379,380,381,389,368,375,365,360,366,371,376,373,372,380,387,382,371,379,383,383,390,386,391,392,399,401,410,412,421,414,415,424,425,417,423,409,415,422,409,405,404,411,419,416,416,418,422,423,432,434,437,439,441,445,449,451,460,459,461,463,468,469,471,480,485,486,487,491,496,497,504,507,508,515,521,523
509,518,475,460,437,438,441,442,405,412,404,406,411,404,405,392,400,404,397,394,380,384,384,390,386,382,384,393,372,373,374,369,370,378,384,381,376,382,385,391,378,382,387,388,393,387,394,393,395,397,398,404,412,421,423,424,427,420,429,418,423,427,411,409,407,415,417,424,419,419,423,430,435,437,441,446,450,446,447,452,453,459,461,470,469,476,480,489,486,495,495,500,498,498,507,510,513,514,517,521
514,519,477,467,444,439,446,446,406,412,410,414,412,413,407,399,401,403,399,402,385,386,385,386,394,389,390,391,375,379,379,370,376,385,388,382,384,385,386,393,379,387,396,396,394,396,401,395,402,399,399,403,408,413,414,419,427,425,433,427,424,433,415,418,410,411,414,420,420,420,421,426,431,440,441,448,457,452,456,461,454,455,456,457,459,464,467,470,479,480,489,491,499,502,507,514,515,518,519,520
